id,archive_sha256,archive_bytes,transport_url
kenney_castle_2_0,921f3f73927bb23106cae34bc21d5ab4b033a9fc120475e96f714a406e3169df,2232589,https://opengameart.org/sites/default/files/kenney_castle-kit.zip
kenney_modular_cave_1_0,48f37a6d4f241124cd7da17da1c6d4ed1bf1820bb149dcb233fbd5ebdd8ba996,7025078,https://opengameart.org/sites/default/files/kenney_modular-cave-kit_1.0.zip
kenney_fantasy_town_2_0,1a7530c09f4d2fa2cdee259876f089334f8b1f27fa86a0c4f54ef86cdd8676ef,3854691,https://opengameart.org/sites/default/files/kenney_fantasy-town-kit_2.0.zip
kenney_graveyard_5_0,1a93613f2e5675f3310acf49ec9ef13ae7adeb756ac3b205bfb6cc9311a81062,3623408,https://opengameart.org/sites/default/files/kenney_graveyard-kit_5.0.zip
kenney_survival_2_0,c3586341b5932c87eb43d75d915434f47daed168b17ed36a03e8ca9977c7443e,1948174,https://opengameart.org/sites/default/files/kenney_survival-kit.zip
kenney_watercraft_2_1,149e303de27b7eeb7b6b6ae3471649175b6ff6ad8b8e4afc8fc4b47a6e2940bb,1884801,https://opengameart.org/sites/default/files/kenney_watercraft_kit_0.zip
kenney_rpg_audio_1_0,3ae398ad63e293f9c450bda22d5d81c3af69c74df66fc1400f33c012c0bbc231,690952,https://opengameart.org/sites/default/files/RPGsounds_Kenney.zip
kenney_interface_sounds_1_0,f2193d072726d6758a5f7871b2dcc54dcce0d5c35c6f0a62f92549b327c81232,834536,https://opengameart.org/sites/default/files/kenney_interfaceSounds.zip
kenney_particle_pack_1_0,163b839ba7f62f8a420da93a62beaa80013588d5d6b1eb30841e1a553635ad70,9760286,https://opengameart.org/sites/default/files/kenney_particlePack.zip
kenney_light_masks_1_0,e1238694d7e49046e42d67f2975be0217861c7cc9bc358383a8e5e583645004f,15017378,https://opengameart.org/sites/default/files/kenney_light-masks-1.0.zip
kenney_smoke_particles_1_0,da9260580d0f6a522496d03783fc9f740f13faa70844b52fb8df90ea9b72cb7a,13193295,https://opengameart.org/sites/default/files/smokeParticleAssets.zip
